{"cameraMode":{"drawMode":0,"name":"Shaded","section":"Shading Mode"},"sceneLighting":true,"audioPlay":false,"sceneViewState":{"m_AlwaysRefresh":false,"showFog":true,"showSkybox":true,"showFlares":true,"showImageEffects":true,"showParticleSystems":true,"showVisualEffectGraphs":true,"m_FxEnabled":true},"in2DMode":false,"pivot":{"x":-7.138341903686523,"y":12.182769775390625,"z":-14.787015914916993},"rotation":{"x":-0.20609863102436067,"y":-0.04784894734621048,"z":0.010019240900874138,"w":-0.9774339199066162},"size":7.696106433868408,"orthographic":false}