{"cameraMode":{"drawMode":0,"name":"Shaded","section":"Shading Mode"},"sceneLighting":true,"audioPlay":false,"sceneViewState":{"m_AlwaysRefresh":false,"showFog":true,"showSkybox":true,"showFlares":true,"showImageEffects":true,"showParticleSystems":true,"showVisualEffectGraphs":true,"m_FxEnabled":true},"in2DMode":false,"pivot":{"x":0.3316150903701782,"y":1.734850287437439,"z":-1.9939522743225098},"rotation":{"x":-0.0707201287150383,"y":0.07951710373163223,"z":-0.005642728414386511,"w":-0.9943694472312927},"size":2.6579365730285646,"orthographic":false}